car_weight,car_length,bonnet_length,dashboard_strength,max_speed,deceleration_time,response_time,impact_force,result
4174,208,94,6,198,8,3,960,1
4507,104,138,7,148,7,6,683,5
1860,218,149,3,125,9,8,776,5
2294,132,56,7,75,2,7,148,2
2130,217,182,8,164,3,1,151,5
2095,164,94,6,196,8,6,388,2
4772,245,107,9,158,6,7,889,1
4092,276,80,6,96,9,7,725,2
2638,110,72,9,120,4,9,338,2
3169,184,187,4,89,8,5,232,3
1466,125,156,8,182,3,1,885,5
2238,162,88,4,198,3,2,265,2
1330,185,131,2,181,8,4,473,1
2482,158,149,9,72,5,5,472,4
3135,126,51,5,155,3,9,904,2
4444,276,126,4,133,1,1,577,5
4171,260,61,2,192,3,3,854,3
3919,197,88,1,165,9,5,578,1
4735,204,62,7,158,5,3,931,3
1130,198,95,6,185,2,4,749,4
2685,228,162,2,90,7,3,690,2
4380,248,66,8,161,2,4,781,2
1769,154,153,4,196,4,1,734,5
3391,105,147,8,161,7,8,787,2
2515,296,137,7,152,4,4,399,1
4485,194,158,5,95,7,7,181,4
3853,232,119,8,117,7,2,186,3
3433,201,123,9,171,1,2,324,4
2215,102,112,5,64,6,6,115,2
1955,280,109,5,178,9,2,921,3
3324,122,128,2,160,2,6,457,5
2184,152,86,5,73,3,2,262,4
1459,264,71,3,76,5,4,709,3
4385,182,197,7,89,9,7,767,3
1021,244,145,5,73,4,8,613,3
3300,184,117,8,73,1,3,449,1
1747,177,66,1,53,4,9,780,4
3904,209,61,3,116,6,2,563,3
4632,100,199,3,83,5,8,926,4
1474,150,194,9,165,1,8,936,3
2082,272,187,5,72,4,4,474,5
3558,103,167,9,158,6,1,191,5
4753,289,71,9,118,4,1,280,5
3047,292,169,1,144,9,2,842,2
4547,212,99,2,111,5,9,400,3
3747,131,63,5,106,8,2,759,2
1975,133,78,4,103,9,2,891,4
2806,191,174,9,119,5,6,288,2
1189,194,56,7,150,6,7,958,4
4005,171,78,6,106,1,7,961,4
3734,138,188,7,187,7,9,413,4
4005,253,82,1,184,4,6,592,2
1562,261,183,1,152,2,8,227,3
2899,281,160,8,134,5,6,618,2
4638,217,128,2,110,3,2,525,3
2267,102,107,9,52,6,1,658,3
3879,222,75,7,177,8,5,664,4
2528,149,78,6,135,7,9,286,2
4202,111,53,1,96,3,8,649,3
4556,292,148,1,125,8,4,552,5
4890,153,190,2,87,2,5,570,3
1646,232,88,6,190,9,5,837,5
3068,156,64,6,136,4,6,664,2
3888,244,168,2,107,1,3,323,2
3214,211,78,1,99,8,5,253,2
2297,146,124,5,79,7,2,659,3
3435,250,165,5,150,5,1,450,1
1600,184,81,2,74,5,1,246,3
3363,241,179,6,161,7,7,675,3
3061,165,133,9,175,5,2,448,4
1241,174,71,2,172,8,4,281,4
3041,278,76,2,96,6,5,736,3
3824,202,130,3,167,5,7,278,5
4417,265,175,7,88,9,2,138,4
3612,291,141,6,65,2,6,871,3
3945,137,70,8,71,1,1,993,1
2363,149,96,8,103,8,7,102,5
3139,197,150,6,198,3,9,163,2
2390,181,133,3,65,7,5,128,3
4003,129,55,3,108,8,5,471,3
2478,178,196,1,80,6,4,622,5
4499,190,180,7,81,9,3,196,4
3556,278,50,5,58,7,9,969,4
1775,290,107,4,188,5,5,541,4
1034,151,173,4,59,8,8,302,2
3253,265,64,4,66,2,9,510,5
4152,178,113,6,117,7,5,120,5
2955,129,74,8,97,4,9,650,4
2585,205,73,8,160,9,2,834,4
4943,150,61,5,172,1,9,201,1
4459,180,67,6,198,7,4,145,1
4073,232,64,4,150,6,6,165,3
2021,128,76,9,151,8,6,702,3
4461,231,121,8,114,5,6,263,5
3613,237,109,1,100,1,2,210,5
2129,283,194,2,85,1,7,437,2
4843,244,142,9,130,9,6,222,2
4893,173,102,8,176,6,1,804,1
2500,116,57,3,137,5,2,546,3
1702,183,128,8,153,1,7,710,1
3449,168,76,1,64,6,1,390,1
3777,133,99,4,145,6,1,770,3
2579,105,180,3,172,3,1,511,2
1161,152,142,6,50,8,8,714,3
1201,293,73,7,171,1,4,996,4
2981,225,109,4,175,1,4,380,4
1995,142,171,7,106,6,2,142,4
3317,214,180,9,130,1,1,585,5
4934,210,197,2,122,6,9,695,2
1815,250,95,3,190,1,7,802,2
4342,282,64,5,119,6,4,150,5
1455,179,66,3,55,3,6,997,1
4533,194,175,8,133,8,2,309,4
4798,217,133,8,101,6,7,225,4
2275,243,58,8,52,1,2,591,1
2016,107,112,9,130,5,8,608,3
4773,231,166,4,112,8,8,680,3
3343,203,179,5,98,3,1,876,2
4796,231,137,5,125,6,8,357,5
3767,283,121,8,161,5,2,287,2
4820,124,188,7,158,6,6,329,3
1337,294,113,9,114,1,1,288,1
1878,195,121,8,130,7,5,514,2
2076,294,70,2,64,9,7,109,4
1791,254,67,4,149,2,1,213,4
4993,192,113,6,81,5,2,175,1
3264,259,131,2,145,4,7,775,3
1763,277,159,7,177,6,6,601,4
3235,160,144,3,195,6,3,184,4
1379,221,81,3,162,2,2,148,5
1492,150,60,2,132,2,4,594,2
4112,246,94,8,92,4,3,937,3
2180,120,82,6,165,1,7,788,2
3062,104,151,1,127,9,8,486,3
4884,191,185,1,107,7,2,488,4
1064,269,60,7,82,7,7,317,5
4928,160,137,8,63,3,8,800,2
4910,121,90,5,181,3,6,445,4
3568,248,194,5,108,1,6,329,3
2367,169,125,4,132,3,1,354,2
2152,100,170,6,183,3,4,335,2
3027,232,95,6,170,4,1,125,4
3695,111,129,3,132,4,4,683,2
2495,189,103,9,76,3,2,360,5
4134,145,135,7,129,8,5,865,5
2162,133,141,1,183,8,9,370,4
2522,276,197,7,62,1,3,222,3
3640,177,146,5,113,7,8,755,4
1391,144,51,5,196,2,3,356,5
2698,254,82,2,129,1,6,755,1
1418,172,126,4,172,3,4,520,1
3336,125,165,6,92,4,8,358,2
1378,146,199,7,138,6,6,146,2
2796,220,152,5,197,5,8,962,1
4561,155,152,9,144,4,1,624,5
3278,193,139,3,51,8,6,987,2
4065,206,171,1,169,4,1,307,4
3088,162,192,4,71,2,1,410,4
4099,147,155,9,164,3,8,846,5
3182,160,168,4,106,6,7,248,2
1200,180,98,2,121,8,3,933,4
2863,125,153,5,56,8,6,537,2
1779,135,110,3,168,9,9,254,2
3977,100,172,9,163,7,7,777,4
4104,107,183,4,65,2,3,189,1
4119,212,58,6,132,8,6,797,4
1502,198,55,2,121,7,4,929,5
3454,279,122,6,173,8,3,457,3
4645,146,152,3,162,3,9,273,4
2751,226,90,9,61,7,2,316,2
1804,155,163,2,175,9,1,555,2
3146,113,57,9,102,3,2,875,4
3731,127,121,5,124,6,7,708,3
2895,177,141,8,182,2,1,728,4
3773,229,111,2,76,2,6,298,3
2570,208,133,6,189,5,7,931,3
1960,253,111,3,194,5,9,585,5
4810,113,160,5,183,7,8,632,2
3660,286,176,8,146,2,6,299,2
2485,155,56,1,54,7,3,470,3
3690,214,133,5,106,5,8,952,2
4840,106,181,3,127,6,7,547,1
2028,102,183,4,118,8,3,347,3
4289,210,107,2,167,4,9,887,2
1502,250,71,9,169,7,2,363,1
3814,206,176,3,108,6,3,157,5
1397,117,52,2,82,2,2,401,2
1870,137,176,9,111,8,1,130,1
3842,214,90,7,99,9,4,597,4
1392,114,155,6,161,5,5,348,4
1206,291,63,1,68,4,6,704,1
2038,218,61,5,172,6,5,876,3
2881,127,136,3,96,8,1,370,3
4625,138,61,1,82,3,3,705,2
3939,284,190,4,190,1,1,765,4
2484,116,74,2,133,4,5,493,3
4762,185,94,2,184,4,5,896,3
4646,225,171,3,128,1,6,601,4
1863,143,196,8,63,9,8,691,5
3790,124,104,8,196,3,1,903,3
4312,244,149,7,177,5,4,183,1
1563,112,185,6,103,6,1,464,2
2020,124,168,9,197,8,9,985,3
1095,167,102,4,78,6,7,648,3
2923,237,81,1,73,3,7,441,5
2757,166,100,8,131,6,5,938,1
3532,208,93,7,112,1,7,506,2
4478,245,131,7,154,4,2,524,3
3278,210,195,3,106,6,4,843,2
3796,210,199,4,185,7,7,192,4
2678,133,86,9,111,3,3,947,3
4242,210,145,6,66,9,2,713,3
1540,107,105,5,115,7,2,511,4
2059,267,154,3,55,1,1,531,5
3572,212,108,9,107,2,5,777,3
2183,182,180,5,118,1,6,258,2
4910,141,84,5,111,9,6,113,1
2722,268,142,4,131,9,9,472,2
4314,200,146,4,120,7,4,324,5
4157,105,184,1,180,3,1,604,1
2819,279,125,7,59,5,6,172,2
3625,125,98,9,147,4,5,348,2
3729,163,143,3,138,7,6,610,4
3604,286,73,2,84,9,3,702,5
2597,283,197,3,51,2,2,315,4
4060,158,86,1,173,8,6,701,1
3693,208,53,6,73,9,1,640,4
1795,297,157,7,123,9,7,916,5
2051,220,175,2,71,7,7,319,3
2643,132,69,8,88,9,7,939,3
4627,280,99,6,69,9,1,826,1
2363,249,145,4,90,3,4,320,3
4869,120,154,5,197,4,7,488,4
2981,297,166,8,157,2,9,653,1
2354,169,147,3,196,3,5,746,5
2663,211,115,3,133,5,2,141,1
2529,103,128,4,160,5,7,775,1
3038,193,55,1,115,6,1,972,2
4419,174,88,9,102,7,7,382,2
2496,289,164,8,83,7,6,157,1
4302,161,174,8,199,1,7,913,3
3237,193,61,6,116,2,3,933,2
4296,194,180,7,183,9,3,636,5
2408,251,67,6,76,2,7,172,4
2400,154,89,9,59,6,2,984,2
2306,236,70,3,122,1,1,228,1
3680,230,192,3,145,3,9,698,3
3675,130,148,3,97,2,9,941,4
1972,139,75,3,119,3,7,525,2
2768,135,57,9,149,5,7,764,3
2282,251,149,4,108,6,3,793,3
4430,105,136,7,51,9,2,224,3
1709,165,91,9,114,4,7,166,1
2479,174,63,7,132,7,9,105,5
2434,103,127,9,59,6,1,736,3
1648,178,51,3,102,2,4,413,4
1317,233,168,4,128,8,6,425,2
4748,217,86,8,108,7,7,664,4
4296,212,118,6,199,7,7,677,1
4890,193,90,5,97,8,2,925,1
2257,278,111,4,198,1,4,605,4
1683,161,109,8,172,1,5,181,5
1663,284,174,1,71,8,1,698,1
2998,293,160,9,149,4,1,101,1
4898,178,63,1,147,5,3,303,4
4445,235,133,8,74,8,3,761,1
4743,125,179,4,77,5,8,904,5
2631,278,119,9,162,4,9,503,5
2495,272,194,5,94,6,1,202,5
4304,143,172,3,117,5,2,635,2
4763,232,138,9,56,7,2,467,5
2136,169,77,9,98,7,4,311,5
2853,253,115,4,186,4,2,676,2
2520,217,54,4,132,5,7,308,3
3489,167,94,8,178,3,9,862,1
1563,118,96,2,187,4,7,996,5
2291,119,80,9,122,4,6,216,1
4581,212,188,6,95,3,1,727,4
4878,239,59,9,155,5,9,848,1
4457,146,167,8,81,5,5,577,2
4458,100,63,7,55,7,5,204,1
4184,189,129,1,194,4,6,594,1
2636,241,142,3,123,4,9,870,1
4696,163,59,2,163,9,8,145,3
3999,137,125,5,76,6,8,922,3
4152,136,143,5,103,4,8,430,4
1698,225,154,5,134,2,1,315,2
3160,238,50,4,176,6,1,591,1
1001,199,182,5,160,2,8,912,1
1641,176,69,3,64,5,5,944,1
3267,102,57,1,181,6,9,548,1
2589,260,50,5,142,4,2,635,3
1854,233,106,9,172,3,9,610,4
2759,277,113,9,122,7,8,557,5
4296,109,167,4,196,2,9,646,2
3432,104,77,3,141,6,4,635,1
4474,250,170,1,66,4,1,639,4
2661,237,156,2,92,6,1,583,5
2153,271,98,8,170,4,5,115,4
2076,229,169,1,90,4,2,670,3
2707,112,93,8,88,4,8,342,5
3777,267,105,7,162,9,5,306,4
2695,229,160,8,160,7,5,370,3
2733,183,183,6,96,3,2,860,4
2439,164,157,9,112,3,7,878,4
3294,162,197,3,159,6,8,804,5
1835,200,163,4,118,6,1,946,3
4510,172,127,6,92,4,2,829,1
1202,116,179,8,83,9,4,214,2
4255,108,86,5,89,4,5,679,5
1122,242,69,3,110,9,2,398,3
1400,251,75,6,111,4,1,936,4
1766,137,78,4,107,2,9,582,3
1293,262,50,9,124,2,1,496,2
3327,193,168,3,65,5,4,493,2
4908,194,84,4,131,4,2,174,1
3931,148,108,7,143,7,4,581,1
4681,168,118,7,97,5,8,202,2
1197,161,61,4,187,6,8,396,5
4029,287,69,6,131,4,9,277,5
2930,277,92,3,87,2,5,314,4
4582,177,175,6,176,9,7,414,1
3799,216,99,2,68,7,3,138,4
3191,219,78,8,112,4,4,358,1
1608,236,88,2,126,3,9,815,2
4272,261,87,7,180,3,1,106,5
2147,175,133,9,151,9,2,148,5
1186,134,177,1,114,5,5,637,2
4397,100,175,8,169,3,3,260,4
3511,139,94,7,140,5,2,968,4
4420,163,101,6,57,2,1,275,3
2794,249,129,6,122,4,3,690,1
1659,159,173,6,183,2,1,101,4
3811,163,168,9,156,2,1,994,2
4002,192,57,2,138,8,1,554,4
2955,171,134,1,88,1,8,743,5
3450,110,178,6,162,7,3,375,1
2369,204,57,8,77,5,1,597,3
2986,113,145,3,146,8,7,728,1
2534,159,151,1,86,1,3,775,5
1146,129,54,9,186,7,8,899,5
4219,134,135,1,131,5,4,127,5
3911,264,83,3,105,4,4,432,5
2734,104,104,8,134,7,5,100,2
2843,182,168,3,51,2,6,287,3
1488,222,163,4,107,1,7,155,5
3976,177,194,8,156,1,4,646,5
2959,253,75,1,172,1,8,211,4
2663,161,185,6,163,5,6,897,3
3598,231,96,1,156,7,1,409,1
3385,188,162,1,86,2,1,135,3
3919,141,125,8,128,8,9,538,3
1640,188,121,4,141,4,6,828,3
2802,245,138,1,67,3,8,691,5
3520,139,95,7,147,8,7,925,5
2969,171,82,5,112,2,6,694,2
3198,138,50,5,199,3,4,676,1
2438,203,196,1,188,3,7,424,4
4369,113,80,6,53,1,9,739,3
2634,131,191,9,184,6,7,406,1
1262,278,102,9,110,2,1,633,1
2787,224,97,8,156,1,9,827,2
3191,265,118,5,103,2,4,718,4
3393,196,154,1,137,6,3,208,3
1623,122,139,9,117,4,4,471,4
2016,162,112,1,178,6,4,456,2
4643,242,122,8,104,9,2,280,5
1880,252,138,5,52,8,1,455,1
3049,244,62,3,170,1,1,775,3
3944,293,122,7,178,8,8,167,5
2327,152,126,7,151,9,2,391,2
3301,203,117,9,87,6,5,791,4
4723,203,147,7,134,5,4,280,1
1452,278,174,3,182,6,8,565,3
4108,138,151,1,141,6,2,533,5
2183,278,181,8,70,9,9,563,5
4062,297,151,3,158,4,7,780,1
3056,233,68,8,96,2,7,633,4
4304,166,131,8,133,9,1,165,2
4170,234,190,5,132,2,2,120,4
2682,278,72,1,84,9,4,711,4
3863,299,132,7,118,2,4,483,4
3255,141,158,5,178,8,3,911,1
2154,291,124,8,189,9,7,714,1
1403,114,178,9,76,9,8,658,2
3199,210,137,7,105,9,2,138,4
3101,256,103,7,72,2,4,384,1
4191,132,138,1,70,4,3,921,2
2696,254,192,4,110,7,2,701,2
4991,263,114,2,112,2,6,696,4
1627,256,125,2,171,1,4,884,3
1586,137,192,2,101,3,6,435,4
2648,284,198,4,137,4,2,287,3
2443,196,196,1,104,8,4,770,2
2445,254,109,4,95,6,6,342,1
1103,282,142,2,81,2,5,172,5
4923,132,98,5,104,9,3,578,2
1253,295,84,3,145,2,8,660,1
4298,185,151,8,182,5,7,200,2
4183,165,60,4,85,4,3,613,4
3557,109,148,1,159,7,6,855,3
2496,104,159,1,155,8,4,275,2
1098,222,123,3,107,5,5,337,1
3200,173,58,9,88,5,5,158,4
2884,196,52,7,129,2,7,964,5
3961,217,134,2,146,8,5,198,4
2919,137,75,9,162,2,3,970,3
1877,240,121,2,110,6,5,594,4
1337,258,97,3,186,8,7,613,5
4777,146,166,2,55,6,5,854,1
3869,208,61,3,158,4,5,396,2
4234,279,182,6,84,4,9,310,3
4791,283,97,9,88,6,3,222,5
1956,114,86,9,199,4,6,328,3
2704,256,93,7,167,8,1,693,4
1160,235,64,3,54,9,5,755,3
2603,104,92,4,136,1,8,487,5
3848,256,136,6,125,4,5,239,2
1397,146,119,5,106,4,9,640,2
2300,167,95,2,176,2,6,490,3
1815,175,157,6,78,6,8,369,1
4987,272,172,3,136,3,8,858,3
2527,229,70,8,190,7,3,111,4
2919,254,156,2,95,5,7,966,2
2415,194,129,1,165,4,7,488,2
2158,214,96,9,161,5,6,436,2
2218,263,166,3,94,8,7,605,1
1400,135,173,1,194,3,2,205,1
1639,125,192,7,153,7,9,131,5
4104,142,74,5,134,6,1,173,3
3735,126,85,5,183,1,1,270,3
1459,168,100,1,157,7,3,948,4
1954,247,64,9,67,7,3,168,2
4954,110,117,7,143,1,1,912,1
1469,173,70,8,199,9,7,461,4
4446,203,190,9,82,6,4,748,4
2045,137,68,6,175,2,2,532,1
3797,233,83,5,171,5,5,199,3
2693,299,127,6,187,4,6,757,2
3085,122,174,2,164,7,9,108,3
3277,146,166,4,77,8,4,673,4
4436,189,101,3,60,1,2,796,2
1562,145,76,7,96,5,5,128,5
3485,206,84,9,176,3,3,992,4
2799,239,185,5,196,1,2,213,3
4354,240,193,6,167,3,1,561,3
3074,203,155,2,192,6,2,242,3
1225,289,195,3,175,7,6,489,1
4348,210,51,3,121,8,8,731,4
1797,203,126,9,156,4,3,781,2
4680,159,181,7,186,3,9,256,3
3331,270,139,8,82,5,9,434,3
3926,199,138,9,68,9,2,960,1
1959,167,143,6,123,6,8,359,2
2504,232,56,4,147,9,5,181,4
1452,219,144,1,190,6,4,853,5
4067,136,157,8,178,2,5,540,1
4900,171,123,7,142,5,4,271,4
1815,226,88,2,97,9,8,330,5
1658,205,190,8,113,8,4,819,3
4587,191,120,5,110,7,6,174,3
1546,130,105,7,88,1,2,369,2
2215,221,91,4,177,4,5,998,5
4120,236,85,5,137,7,6,725,3
4583,150,133,8,75,7,5,161,3
1016,128,167,1,66,6,2,973,2
4243,139,56,1,120,8,7,419,4
2243,140,103,4,62,6,4,201,3
3205,110,178,3,118,3,8,528,1
3524,250,169,2,75,4,7,973,1
2069,100,155,3,98,3,7,821,4
4444,145,96,1,56,1,9,354,5
3565,200,172,1,107,5,1,631,2
3146,248,190,6,98,1,6,669,1
4963,189,168,5,152,1,6,211,1
2768,209,199,8,102,2,6,412,4
2060,263,167,2,111,4,6,560,5
3327,281,70,4,66,6,7,807,5
4420,156,186,8,74,8,6,986,4
3544,100,75,6,180,3,1,561,1
1301,162,58,1,78,1,3,964,2
1180,281,64,4,166,3,2,191,1
1606,154,59,1,75,3,6,151,5
4170,214,171,2,173,5,8,904,1
1699,267,170,5,193,4,3,619,2
1992,242,174,8,74,4,8,911,3
2139,248,121,8,103,9,8,197,1
1190,274,98,3,122,7,5,335,4
3300,152,140,4,169,4,8,473,3
1980,236,86,6,105,3,6,680,4
3975,279,117,3,114,6,5,656,4
3006,156,99,2,142,3,9,748,4
2184,216,68,6,135,6,7,333,1
4327,253,149,5,129,9,8,131,5
4394,268,109,5,157,6,1,388,3
1127,134,138,5,167,4,2,737,2
3065,162,195,5,132,5,8,678,5
2816,124,196,3,196,6,9,641,1
2758,189,118,7,64,3,4,213,4
3613,174,98,6,180,8,9,303,2
1569,137,157,4,188,4,4,128,3
2346,229,168,2,79,8,9,742,5
2895,234,198,9,106,3,7,573,5
3733,261,199,1,195,7,2,796,2
4863,190,86,4,177,9,9,352,1
1625,116,192,1,97,4,4,897,3
4359,227,60,6,185,8,8,485,2
3901,270,187,4,71,3,7,161,4
2686,286,127,5,55,7,7,614,3
4009,207,126,5,153,3,8,529,5
4710,278,51,9,85,7,1,679,2
1154,281,113,1,128,6,5,636,5
3537,251,84,2,165,2,2,790,5
2409,124,56,6,106,3,2,240,5
1784,298,134,5,98,6,1,842,1
4175,279,195,7,131,4,5,399,5
4464,297,116,3,115,6,2,774,4
4882,187,91,3,126,1,4,410,4
1245,260,167,2,94,1,3,570,3
4247,276,174,3,128,3,3,492,5
4110,128,73,1,69,8,2,741,5
2500,162,95,5,172,8,6,544,2
2705,249,68,5,116,4,2,857,1
3806,253,117,7,132,6,8,908,3
1537,255,151,4,52,8,8,271,5
2890,213,91,3,113,7,5,675,2
2841,148,81,1,89,7,7,130,1
1920,298,158,8,108,4,4,146,3
3455,180,85,3,111,9,1,229,3
1524,183,146,2,181,6,2,451,5
3875,204,180,4,109,3,4,944,3
2529,276,122,3,165,5,1,721,2
3950,247,185,1,124,5,8,680,3
4896,217,146,3,171,5,9,157,4
1035,185,172,2,156,8,4,205,2
1684,162,119,8,145,9,3,911,1
1019,288,62,6,140,9,2,429,1
3368,203,98,9,179,6,5,867,5
4847,148,109,8,111,6,3,923,5
3559,170,179,3,98,9,7,782,4
1399,100,54,5,186,4,6,482,1
3701,240,76,7,141,6,1,261,1
1971,278,198,5,173,4,8,385,1
2906,222,57,8,110,1,2,170,1
3518,283,99,5,97,7,5,866,3
2166,161,116,1,185,6,9,553,2
2115,131,93,5,107,9,8,985,2
4425,257,174,4,150,7,2,666,4
1833,128,107,6,161,7,9,934,3
2823,148,52,3,111,2,5,496,1
3774,272,135,5,88,9,6,614,1
2982,129,119,2,107,9,3,125,5
1853,243,179,6,148,6,3,412,5
1050,267,51,6,93,3,8,225,4
4736,118,151,5,78,1,2,507,1
4769,117,84,6,108,4,2,664,4
1574,100,147,7,120,3,5,297,3
4261,177,79,5,141,1,6,910,2
2148,214,165,1,58,3,2,287,1
3197,274,57,8,176,4,5,797,3
3361,293,199,4,183,8,7,916,1
3617,212,93,9,194,9,8,909,5
4413,213,85,6,193,3,7,815,4
3352,265,126,1,180,6,8,583,5
2715,278,80,3,70,5,9,549,2
1681,162,96,3,113,6,5,622,5
1837,231,104,4,139,4,5,970,1
4854,228,155,6,85,6,4,453,5
2077,107,170,7,111,7,9,757,1
4050,256,104,4,125,9,5,696,2
3491,154,193,6,62,7,2,199,5
3660,202,61,1,60,6,8,715,4
4040,230,194,8,103,1,7,657,4
3311,131,193,7,65,2,8,655,4
4124,109,189,9,57,1,3,377,5
2595,209,185,3,153,9,4,792,5
4051,261,52,2,108,9,5,798,5
4691,223,193,1,106,7,6,725,1
1004,186,79,3,89,2,1,590,2
2126,154,72,5,179,6,4,354,4
2219,131,141,2,143,4,5,480,1
1773,277,164,3,187,1,7,991,4
1876,234,153,4,93,1,5,641,1
1991,192,167,7,188,5,1,363,5
3931,107,54,3,129,2,7,709,4
4421,164,153,9,130,4,8,924,5
1046,156,157,8,51,1,7,978,4
3914,166,114,4,189,4,4,428,3
3870,286,170,1,164,6,8,214,1
3983,171,79,1,139,4,5,375,3
4891,153,198,1,72,1,9,587,1
3703,166,133,1,195,7,5,380,2
1268,150,199,8,111,2,1,374,4
1369,196,81,3,162,9,9,872,2
1635,191,65,6,177,3,5,942,2
2129,107,87,3,111,8,6,818,1
2693,261,191,5,87,8,4,995,3
2682,134,85,7,110,3,6,427,5
1656,195,163,2,178,4,8,310,1
1119,187,115,6,198,2,3,826,5
1830,177,154,6,171,4,5,651,2
2810,131,134,3,159,9,2,125,5
4675,219,51,6,62,2,2,126,3
2081,145,124,5,149,3,7,801,1
2974,243,116,2,184,4,6,182,3
2369,295,104,9,71,5,4,995,3
1740,264,55,8,123,1,5,781,1
4545,281,199,3,181,7,1,512,3
1116,241,192,8,72,7,7,266,4
2853,154,135,9,168,9,8,799,4
3838,275,109,3,119,4,9,268,4
2150,106,150,3,133,6,8,900,5
4464,173,61,2,150,2,5,328,3
2931,106,98,8,133,4,3,708,1
2012,260,91,1,77,2,9,466,1
2664,250,131,8,185,5,6,627,5
2081,184,84,7,50,7,5,890,1
1633,246,183,7,112,1,3,746,4
1512,211,116,3,71,7,6,637,3
4822,224,129,1,119,6,3,963,1
3849,246,56,4,174,6,6,623,1
2119,135,63,9,198,8,4,171,2
4709,128,122,5,145,8,2,744,2
2141,287,192,1,128,6,8,205,2
1559,181,198,5,54,3,4,831,3
4672,101,115,8,109,5,9,984,4
1487,228,140,8,169,2,7,788,4
4308,146,179,5,95,5,2,381,4
4956,296,69,9,183,9,4,232,3
1896,247,59,1,105,1,5,633,3
4343,110,74,4,159,5,3,368,2
2212,229,74,3,153,6,9,511,1
1703,294,103,2,126,7,5,772,5
2470,218,82,8,195,9,2,718,5
1580,239,144,7,51,6,3,890,1
3837,119,63,9,57,5,9,964,2
3908,104,114,2,124,7,7,846,1
3294,136,159,4,174,1,2,117,1
4147,265,129,6,87,5,9,853,5
1153,236,103,3,76,2,4,216,2
2679,152,174,8,69,4,9,897,3
4506,271,180,3,189,7,2,893,5
1996,198,183,2,92,5,4,243,3
4157,185,74,3,80,6,5,816,2
3744,207,190,6,140,2,2,650,1
4356,123,166,2,110,3,1,765,4
2243,180,185,8,158,7,7,787,4
2092,257,198,1,140,2,1,852,2
4118,219,74,7,144,6,8,521,4
2008,158,128,2,192,5,3,997,3
3141,227,117,6,193,1,6,468,4
2773,213,61,2,62,4,7,745,2
1957,214,81,2,162,2,1,657,2
4059,113,177,8,84,4,6,149,3
1452,108,145,2,198,1,7,777,4
2227,139,141,7,97,2,6,205,4
3959,293,190,3,84,8,4,315,1
3265,124,80,8,135,6,1,757,5
3521,202,127,7,163,2,9,524,2
3479,121,69,8,149,6,4,171,1
3388,103,195,7,148,9,7,941,2
1550,253,109,6,52,7,7,884,1
2635,285,183,7,134,9,2,858,5
2312,128,142,5,174,5,1,545,1
4325,208,92,7,187,7,8,285,2
2757,197,179,1,132,7,8,169,4
1356,136,109,1,74,3,7,249,2
3070,174,80,9,117,7,8,345,3
2785,169,54,5,110,1,3,873,3
3569,245,59,5,78,9,2,637,3
2781,227,138,3,176,6,7,751,3
4908,184,179,5,68,5,8,198,5
4171,141,175,3,123,7,1,377,4
3849,199,60,9,110,5,9,662,4
4251,140,105,9,69,5,4,762,2
4294,265,132,6,97,7,4,554,1
4977,133,186,1,136,7,3,203,2
3809,116,148,7,188,3,6,700,2
4730,264,198,7,159,3,1,752,2
3489,252,122,4,77,3,6,824,2
2631,221,164,8,108,6,2,332,4
3816,175,56,6,182,6,9,493,1
2015,186,129,4,100,3,2,600,2
2348,216,193,4,198,3,7,794,4
1515,205,146,2,61,8,1,350,2
4087,185,53,2,99,8,7,620,3
3839,126,53,4,181,7,5,178,2
1335,156,152,5,162,4,8,151,2
2782,130,89,8,63,4,4,997,5
3305,233,66,6,81,3,7,880,3
1496,267,150,4,188,5,6,325,1
1895,197,152,7,195,3,5,150,2
3207,111,173,8,104,8,4,285,1
4546,152,101,2,169,7,7,133,3
1851,298,101,7,124,3,5,902,2
2687,237,173,2,70,9,5,841,5
2931,272,112,2,182,5,1,230,4
3737,244,165,8,136,9,2,731,5
4746,253,111,2,108,7,5,542,5
3427,289,56,9,138,7,3,937,4
2568,221,141,1,199,6,2,858,4
1956,145,63,9,132,2,4,531,4
3738,163,135,1,114,9,4,803,2
4498,229,182,2,113,6,4,596,1
2636,153,179,6,120,8,4,502,1
2291,206,111,6,53,1,3,422,4
4906,292,198,1,192,5,7,309,5
4648,150,128,7,153,1,9,714,3
2440,280,198,8,199,8,5,428,4
2191,135,187,2,142,8,4,471,5
4913,214,107,8,191,1,2,559,5
2066,125,169,9,197,9,2,232,2
4627,128,182,6,161,2,5,934,2
1284,248,114,5,168,9,7,750,1
3444,110,62,9,108,1,9,220,1
1011,139,131,9,92,9,7,705,3
2630,110,188,1,61,4,5,551,3
4373,263,198,3,89,9,6,228,3
4969,212,101,9,167,7,3,190,3
4324,286,166,2,69,6,5,703,5
3546,138,75,4,180,5,8,674,5
1753,153,83,4,139,9,1,128,1
3082,197,101,2,143,2,1,821,2
3774,154,161,3,62,2,7,623,2
3896,210,131,3,115,9,5,432,4
1089,251,91,1,86,3,5,396,5
1775,249,70,6,115,8,1,229,3
3652,168,91,8,85,9,9,392,3
4993,155,190,3,75,8,1,272,4
4017,132,162,5,124,4,5,819,2
2625,135,154,1,157,1,9,123,3
4069,247,66,7,92,4,4,198,2
1417,180,169,1,199,9,8,505,4
1114,289,186,9,197,2,6,455,2
1616,208,178,8,57,3,3,238,2
4974,253,179,7,78,8,4,602,2
4267,293,109,7,89,6,2,925,3
1825,172,97,5,177,8,1,273,1
4572,139,78,5,133,7,8,128,5
2649,116,146,5,165,5,1,595,2
2516,228,59,1,193,9,1,754,2
4146,160,107,8,111,4,4,927,2
1412,270,70,1,56,6,6,450,1
4447,203,77,4,94,2,9,653,4
4491,141,83,9,137,2,1,398,3
1728,124,57,9,122,2,7,819,1
4348,138,128,5,86,7,5,941,2
4068,134,194,4,168,2,8,291,1
3808,230,136,3,106,2,7,771,1
1675,207,137,3,57,9,4,163,1
4465,271,118,5,144,7,4,854,4
2892,278,136,1,166,3,6,869,5
3504,201,150,5,159,3,6,763,3
3967,197,57,6,69,7,9,314,4
3239,111,126,7,173,5,5,933,4
3786,118,136,9,102,6,8,265,5
4760,200,92,3,168,8,5,642,4
2122,143,178,2,61,9,2,982,1
2571,286,158,3,66,1,6,331,1
1977,148,66,9,113,3,9,893,2
2008,288,182,7,91,7,3,640,4
3143,116,197,9,143,6,1,294,2
2687,173,70,2,196,7,1,605,3
3710,156,107,5,60,8,3,433,1
4261,154,159,4,147,6,5,867,3
4807,146,188,2,120,3,3,892,5
1036,111,192,9,157,2,9,403,1
4851,161,184,9,107,7,8,932,3
4440,179,77,6,83,1,3,536,5
4766,182,100,6,69,3,9,422,3
2548,107,54,8,99,4,6,601,5
3326,248,54,6,151,1,7,957,5
3264,180,143,1,187,5,4,492,1
3914,217,145,4,101,3,4,905,2
1872,297,57,7,64,2,2,698,5
2821,299,113,2,133,3,5,248,5
2296,124,187,9,180,8,8,860,1
4952,188,87,8,86,6,7,932,2
3109,111,160,8,175,7,7,504,4
1595,242,161,7,89,6,6,382,4
2903,158,130,4,121,6,3,461,2
1728,253,185,2,89,3,5,478,3
2365,208,153,3,105,8,1,297,1
1396,125,122,6,153,7,7,655,2
1698,146,98,5,188,7,9,455,4
4090,131,85,8,159,6,1,639,5
3224,109,175,6,185,5,2,528,4
2635,115,117,6,142,8,3,116,5
1395,298,127,1,143,5,3,738,1
3492,244,154,4,105,9,8,478,5
4304,250,171,5,109,9,7,779,2
4986,125,168,3,187,1,6,605,5
1075,185,163,9,88,6,4,855,3
1264,234,59,1,77,7,9,998,2
3502,113,198,6,98,3,1,175,1
2819,178,189,6,174,7,2,330,2
1717,216,140,5,62,7,4,815,3
3782,106,51,5,85,2,3,347,1
4455,236,167,5,150,7,1,401,4
4635,214,62,6,75,1,5,825,3
1850,275,144,8,135,5,7,314,1
4577,171,193,2,53,9,2,257,5
2390,158,81,6,131,7,5,168,2
1143,181,81,1,176,7,6,492,1
1884,215,173,4,137,2,7,184,2
4140,266,60,3,176,8,1,366,5
4170,245,59,9,169,3,7,168,1
1395,286,64,3,71,8,4,710,4
4096,202,66,6,179,3,8,446,3
3995,116,195,1,80,7,4,827,1
3938,113,108,6,168,2,6,772,5
2492,258,127,4,60,4,9,522,1
4555,251,173,8,95,6,5,705,2
4636,207,163,9,145,9,4,273,1
4222,287,71,4,59,5,8,776,4
2167,144,81,6,177,9,9,214,1
3616,197,162,1,148,5,4,319,3
2062,230,169,4,161,8,3,130,1
3156,136,198,7,109,1,8,622,2
4764,270,171,1,136,7,5,442,1
2065,267,81,8,194,4,2,476,4
2209,282,168,6,114,5,9,229,5
3982,207,88,5,106,6,3,716,1
3445,138,61,9,155,5,2,638,1
4294,114,67,2,58,1,1,838,3
1633,219,198,5,71,9,8,101,4
2156,103,190,6,190,2,3,970,5
4234,192,198,7,138,9,7,200,2
2238,252,175,5,67,2,1,632,1
1732,240,185,9,164,9,1,157,5
1234,260,95,1,194,6,9,488,2
4914,115,153,7,192,9,8,791,4
3705,269,184,7,155,6,3,440,4
1750,207,135,4,64,6,6,960,5
3635,225,199,9,112,2,3,119,2
4080,293,138,5,62,8,4,354,4
4145,154,71,4,130,3,1,416,5
1953,269,141,7,81,7,5,137,4
3539,133,78,4,186,5,1,759,4
3960,257,62,3,89,3,1,636,4
4324,112,51,9,197,1,7,485,3
4301,240,78,8,131,8,6,732,2
2542,117,76,1,126,3,2,125,5
2197,259,99,7,125,2,2,553,5
2676,195,144,9,87,1,7,780,2
2191,222,137,8,120,4,1,422,2
3217,138,93,8,97,8,2,836,2
2416,145,71,6,67,3,8,612,2
3993,128,146,4,193,1,6,918,1
3842,289,52,8,88,4,2,872,5
3681,161,167,3,138,9,7,112,1
2217,284,68,9,111,1,4,659,4
2540,115,72,2,190,2,2,924,4
3076,283,79,2,158,9,6,470,5
4236,220,88,7,130,2,9,390,4
2445,109,157,4,183,3,9,431,2
3386,257,160,8,126,7,8,705,1
4719,252,74,9,139,3,3,360,2
2519,202,177,7,63,9,3,889,4
2388,183,160,5,144,6,2,970,1
2856,232,185,8,103,3,5,304,2
2365,164,155,4,181,9,4,796,5
1499,276,193,2,88,1,7,786,2
2680,102,121,6,121,3,4,486,4
1510,272,178,9,74,1,9,991,1
4398,241,157,1,126,2,2,920,5
1216,219,54,7,169,8,6,567,1
2324,257,52,9,102,7,7,514,5
2155,167,181,9,180,2,4,168,1
2827,245,153,3,199,2,6,571,4
4141,289,113,5,145,9,7,203,5
4323,136,155,8,121,6,4,857,3
4486,252,147,8,111,5,8,260,1
2810,275,59,4,55,6,9,299,1
3492,292,198,1,81,9,1,315,2
3923,280,177,1,148,7,7,311,5
2205,172,95,4,187,9,9,607,3
3214,242,115,6,180,4,5,115,4
1090,148,161,8,125,2,2,597,2
1713,220,62,6,108,8,6,983,3
2881,187,186,9,80,4,7,431,5
4602,295,135,9,142,9,2,816,3
1038,239,139,2,118,4,2,976,1
4197,286,107,1,101,8,1,650,1
4522,136,103,2,138,9,4,700,2
1172,160,61,5,176,9,7,355,5
1652,270,63,4,80,4,9,865,5
1753,223,170,4,133,1,3,827,3
2243,297,170,9,176,3,7,979,2
4709,138,69,8,199,9,7,914,5
2081,283,124,6,181,4,7,271,1
2683,162,193,1,62,5,2,748,3
3523,145,119,2,94,7,6,597,4
1455,187,105,6,176,5,2,570,1
1828,110,150,2,163,4,6,483,2
1894,161,181,5,69,2,3,789,5
2384,176,160,5,130,2,2,688,1
2958,252,174,6,178,4,6,799,4
4072,298,181,6,192,9,2,606,4
3434,151,69,6,66,8,5,626,2
2996,103,187,2,107,3,2,903,1
3395,158,73,3,121,9,3,930,3
1189,171,86,6,158,5,3,424,1
1504,247,103,8,72,3,6,313,4
2214,192,152,1,121,5,6,307,2
2531,162,198,1,57,4,3,268,2
4440,153,87,2,108,8,3,429,3
4480,216,53,6,160,5,1,379,2
1823,209,106,9,62,8,7,404,2
1928,173,69,4,65,9,8,245,2
1933,206,66,3,168,4,2,874,2
2140,156,168,8,51,7,4,615,2
1133,268,120,9,194,2,7,189,4
3105,102,53,5,79,6,8,552,1
4627,219,63,9,152,8,1,159,5
1684,105,52,2,62,7,4,410,2
3719,104,129,3,145,7,6,627,5
3220,104,104,7,143,8,3,326,5
2852,153,181,7,131,7,5,573,4
1814,146,169,6,62,5,9,640,2
2172,276,73,6,143,7,3,762,5
1079,108,131,2,198,3,5,856,2
3933,198,196,6,161,5,8,881,3
4284,119,109,4,104,7,6,178,3
1202,221,196,3,130,9,4,532,3
3811,160,98,2,165,2,8,900,5
2252,222,112,1,192,4,3,252,3
2699,262,159,5,157,7,3,888,4
2250,277,199,2,102,1,4,500,4
2682,181,158,2,177,2,9,378,5
2555,161,125,7,106,9,5,156,2
4512,244,79,8,101,7,8,285,1
4473,102,107,8,186,7,6,497,2
3094,259,166,4,160,6,3,704,2
2256,112,149,1,50,3,8,887,2
4376,219,68,7,93,3,9,257,2
2549,224,143,1,124,2,8,886,1
2166,188,162,4,147,6,4,792,3
4486,172,195,8,58,4,6,458,2
4584,167,112,2,81,5,1,539,4
2396,241,165,6,64,3,4,688,5
4637,200,162,6,189,6,8,565,5
4957,197,96,9,185,3,1,762,4
4330,110,106,5,121,8,3,545,2
3703,204,167,4,61,9,1,849,1
1470,283,94,5,114,4,9,900,3
4018,166,194,5,156,9,2,842,5
2035,222,53,8,91,7,9,587,3
2353,128,197,8,164,3,4,629,1
3783,236,96,2,188,7,2,172,5
3831,294,192,7,152,1,4,800,3
1967,252,96,8,144,3,6,116,1
1357,175,127,6,66,6,7,630,3
4019,269,173,5,134,4,3,830,2
4479,108,124,9,105,7,3,425,1
1667,139,152,3,183,3,8,731,3
1372,124,186,4,135,1,5,712,2
2031,104,139,9,151,9,4,645,2
2145,238,193,6,103,6,7,695,1
2371,286,118,8,164,8,7,807,4
3723,223,110,7,188,3,9,941,5
1089,137,187,2,137,8,9,301,1
4719,171,99,3,98,2,5,443,2
3745,232,52,1,198,4,8,952,2
4387,275,156,9,164,3,1,622,1
4249,189,162,7,112,1,9,958,4
1539,245,143,1,153,7,8,499,5
3779,297,167,3,132,2,6,317,3
1868,136,130,4,152,4,3,544,1
1040,159,158,4,66,9,3,864,5
1739,275,100,5,55,6,8,321,5
4775,127,196,3,196,8,5,482,2
2946,296,84,3,77,2,7,980,3
3549,180,95,1,87,7,5,691,1
4006,213,118,7,168,6,8,106,2
4216,139,142,1,86,9,4,371,2
2224,144,113,2,164,7,2,838,4
1928,161,98,4,117,1,3,115,5
3036,192,198,4,92,8,8,523,1
4795,214,123,5,107,3,7,623,1
3508,285,54,2,62,2,2,902,1
3779,166,149,4,101,3,6,852,2
3799,155,119,1,107,6,9,120,4
1924,139,139,2,81,3,4,789,3
3956,197,53,1,154,5,9,327,2
2581,139,175,4,132,6,2,884,3
4618,190,88,4,148,8,2,387,4
4324,132,178,7,153,7,9,908,5
1389,105,73,9,77,8,7,233,1
2617,246,106,9,178,3,7,382,3
3930,179,149,5,97,4,1,503,2
1255,267,119,1,89,6,6,764,3
1708,191,90,1,146,7,7,165,5
2838,196,109,6,163,9,6,748,1
2944,158,157,2,181,1,6,703,3
3497,158,106,8,186,8,2,536,5
1009,147,80,9,160,8,6,928,2
3871,268,133,4,193,6,4,358,4
1797,112,85,5,125,4,9,202,2
4313,206,157,8,80,3,1,666,1
